"dataset","location","x","param","value","tags"
"Dunn2016","ALGC14-1",0.25,"As",23,"{""n"": 1}"
"Dunn2016","ALGC14-1",0.75,"As",24.33333333,"{""stdev"": 23.012, ""n"": 3, ""stderr"": 13.2859843945917}"
"Dunn2016","ALGC14-1",1.25,"As",60,"{""n"": 1}"
"Dunn2016","ALGC14-1",1.75,"As",60,"{""n"": 1}"
"Dunn2016","ALGC14-1",2.5,"As",43.4,"{""n"": 1}"
"Dunn2016","ALGC14-1",3.5,"As",42,"{""n"": 1}"
"Dunn2016","ALGC14-1",4.5,"As",40.26666667,"{""stdev"": 2.949, ""n"": 3, ""stderr"": 1.70260594384021}"
"Dunn2016","ALGC14-1",5.5,"As",35.2,"{""n"": 1}"
"Dunn2016","ALGC14-1",6.5,"As",42.23333333,"{""stdev"": 4.188, ""n"": 3, ""stderr"": 2.41794292736615}"
"Dunn2016","ALGC14-1",7.5,"As",44.4,"{""n"": 1}"
"Dunn2016","ALGC14-1",8.5,"As",35.8,"{""n"": 1}"
"Dunn2016","ALGC14-1",9.5,"As",37.6,"{""stdev"": 1.806, ""n"": 3, ""stderr"": 1.04269458615646}"
"Dunn2016","ALGC14-1",10.5,"As",34,"{""n"": 1}"
"Dunn2016","ALGC14-1",11.5,"As",40.9,"{""n"": 1}"
"Dunn2016","ALGC14-1",12.5,"As",39.4,"{""n"": 1}"
"Dunn2016","ALGC14-1",13.5,"As",46.03333333,"{""stdev"": 2.073, ""n"": 3, ""stderr"": 1.19684710803009}"
"Dunn2016","ALGC14-1",14.5,"As",36.43333333,"{""stdev"": 0.33, ""n"": 3, ""stderr"": 0.190525588832577}"
"Dunn2016","ALGC14-1",15.5,"As",38.7,"{""n"": 1}"
"Dunn2016","ALGC14-1",16.5,"As",28.9,"{""n"": 1}"
"Dunn2016","ALGC14-1",17.5,"As",26.8,"{""n"": 1}"
"Dunn2016","ALGC14-1",18.5,"As",25.2,"{""n"": 1}"
"Dunn2016","ALGC14-1",19.5,"As",24.7,"{""stdev"": 2.988, ""n"": 3, ""stderr"": 1.7251226043386}"
"Dunn2016","ALGC14-1",20.5,"As",26.4,"{""n"": 1}"
"Dunn2016","ALGC14-1",21.5,"As",20.9,"{""n"": 1}"
"Dunn2016","ALGC14-1",22.5,"As",23.2,"{""n"": 1}"
"Dunn2016","ALGC14-1",23.5,"As",20.4,"{""n"": 1}"
"Dunn2016","ALGC14-1",24.5,"As",20.63333333,"{""stdev"": 0.556, ""n"": 3, ""stderr"": 0.321006749669432}"
"Dunn2016","ALGC14-1",25.5,"As",22,"{""n"": 1}"
"Dunn2016","ALGC14-1",26.5,"As",22.1,"{""n"": 1}"
"Dunn2016","ALGC14-1",27.5,"As",16.3,"{""n"": 1}"
"Dunn2016","ALGC14-1",28.5,"As",19.4,"{""n"": 1}"
"Dunn2016","ALGC14-1",29.5,"As",19.83333333,"{""stdev"": 1.58, ""n"": 3, ""stderr"": 0.912213425319609}"
"Dunn2016","ALGC14-1",0.25,"Cu",76,"{""n"": 1}"
"Dunn2016","ALGC14-1",0.75,"Cu",107.6666667,"{""stdev"": 4.497, ""n"": 3, ""stderr"": 2.59634416054575}"
"Dunn2016","ALGC14-1",1.25,"Cu",158,"{""n"": 1}"
"Dunn2016","ALGC14-1",1.75,"Cu",169,"{""n"": 1}"
"Dunn2016","ALGC14-1",2.5,"Cu",161,"{""n"": 1}"
"Dunn2016","ALGC14-1",3.5,"Cu",129,"{""n"": 1}"
"Dunn2016","ALGC14-1",4.5,"Cu",88.66666667,"{""stdev"": 3.859, ""n"": 3, ""stderr"": 2.22799468880277}"
"Dunn2016","ALGC14-1",5.5,"Cu",65,"{""n"": 1}"
"Dunn2016","ALGC14-1",6.5,"Cu",62.33333333,"{""stdev"": 9.534, ""n"": 3, ""stderr"": 5.50445746645389}"
"Dunn2016","ALGC14-1",7.5,"Cu",48,"{""n"": 1}"
"Dunn2016","ALGC14-1",8.5,"Cu",64,"{""n"": 1}"
"Dunn2016","ALGC14-1",9.5,"Cu",59.33333333,"{""stdev"": 4.497, ""n"": 3, ""stderr"": 2.59634416054575}"
"Dunn2016","ALGC14-1",10.5,"Cu",62,"{""n"": 1}"
"Dunn2016","ALGC14-1",11.5,"Cu",59,"{""n"": 1}"
"Dunn2016","ALGC14-1",12.5,"Cu",44,"{""n"": 1}"
"Dunn2016","ALGC14-1",13.5,"Cu",53.66666667,"{""stdev"": 4.497, ""n"": 3, ""stderr"": 2.59634416054575}"
"Dunn2016","ALGC14-1",14.5,"Cu",65.66666667,"{""stdev"": 1.247, ""n"": 3, ""stderr"": 0.719955785679463}"
"Dunn2016","ALGC14-1",15.5,"Cu",64,"{""n"": 1}"
"Dunn2016","ALGC14-1",16.5,"Cu",53,"{""n"": 1}"
"Dunn2016","ALGC14-1",17.5,"Cu",55,"{""n"": 1}"
"Dunn2016","ALGC14-1",18.5,"Cu",49,"{""n"": 1}"
"Dunn2016","ALGC14-1",19.5,"Cu",44,"{""stdev"": 6.164, ""n"": 3, ""stderr"": 3.55878705928485}"
"Dunn2016","ALGC14-1",20.5,"Cu",49,"{""n"": 1}"
"Dunn2016","ALGC14-1",21.5,"Cu",37,"{""n"": 1}"
"Dunn2016","ALGC14-1",22.5,"Cu",47,"{""n"": 1}"
"Dunn2016","ALGC14-1",23.5,"Cu",43,"{""n"": 1}"
"Dunn2016","ALGC14-1",24.5,"Cu",41.33333333,"{""stdev"": 3.091, ""n"": 3, ""stderr"": 1.78458968206513}"
"Dunn2016","ALGC14-1",25.5,"Cu",42,"{""n"": 1}"
"Dunn2016","ALGC14-1",26.5,"Cu",40,"{""n"": 1}"
"Dunn2016","ALGC14-1",27.5,"Cu",41,"{""n"": 1}"
"Dunn2016","ALGC14-1",28.5,"Cu",47,"{""n"": 1}"
"Dunn2016","ALGC14-1",29.5,"Cu",38.33333333,"{""stdev"": 3.859, ""n"": 3, ""stderr"": 2.22799468880277}"
"Dunn2016","ALGC14-1",0.25,"Pb",42,"{""n"": 1}"
"Dunn2016","ALGC14-1",0.75,"Pb",83.5,"{""stdev"": 1.5, ""n"": 2, ""stderr"": 1.06066017177982}"
"Dunn2016","ALGC14-1",1.25,"Pb",NA,"{""n"": 0}"
"Dunn2016","ALGC14-1",1.75,"Pb",NA,"{""n"": 0}"
"Dunn2016","ALGC14-1",2.5,"Pb",NA,"{""n"": 0}"
"Dunn2016","ALGC14-1",3.5,"Pb",NA,"{""n"": 0}"
"Dunn2016","ALGC14-1",4.5,"Pb",NA,"{""n"": 0}"
"Dunn2016","ALGC14-1",5.5,"Pb",NA,"{""n"": 0}"
"Dunn2016","ALGC14-1",6.5,"Pb",NA,"{""n"": 0}"
"Dunn2016","ALGC14-1",7.5,"Pb",NA,"{""n"": 0}"
"Dunn2016","ALGC14-1",8.5,"Pb",NA,"{""n"": 0}"
"Dunn2016","ALGC14-1",9.5,"Pb",NA,"{""n"": 0}"
"Dunn2016","ALGC14-1",10.5,"Pb",NA,"{""n"": 0}"
"Dunn2016","ALGC14-1",11.5,"Pb",NA,"{""n"": 0}"
"Dunn2016","ALGC14-1",12.5,"Pb",NA,"{""n"": 0}"
"Dunn2016","ALGC14-1",13.5,"Pb",NA,"{""n"": 0}"
"Dunn2016","ALGC14-1",14.5,"Pb",NA,"{""n"": 0}"
"Dunn2016","ALGC14-1",15.5,"Pb",NA,"{""n"": 0}"
"Dunn2016","ALGC14-1",16.5,"Pb",NA,"{""n"": 0}"
"Dunn2016","ALGC14-1",17.5,"Pb",NA,"{""n"": 0}"
"Dunn2016","ALGC14-1",18.5,"Pb",NA,"{""n"": 0}"
"Dunn2016","ALGC14-1",19.5,"Pb",NA,"{""n"": 0}"
"Dunn2016","ALGC14-1",20.5,"Pb",NA,"{""n"": 0}"
"Dunn2016","ALGC14-1",21.5,"Pb",NA,"{""n"": 0}"
"Dunn2016","ALGC14-1",22.5,"Pb",NA,"{""n"": 0}"
"Dunn2016","ALGC14-1",23.5,"Pb",NA,"{""n"": 0}"
"Dunn2016","ALGC14-1",24.5,"Pb",NA,"{""n"": 0}"
"Dunn2016","ALGC14-1",25.5,"Pb",NA,"{""n"": 0}"
"Dunn2016","ALGC14-1",26.5,"Pb",NA,"{""n"": 0}"
"Dunn2016","ALGC14-1",27.5,"Pb",NA,"{""n"": 0}"
"Dunn2016","ALGC14-1",28.5,"Pb",NA,"{""n"": 0}"
"Dunn2016","ALGC14-1",29.5,"Pb",NA,"{""n"": 0}"
"Dunn2016","ALGC14-1",0.25,"Zn",735,"{""n"": 1}"
"Dunn2016","ALGC14-1",0.75,"Zn",708.3333333,"{""stdev"": 37.606, ""n"": 3, ""stderr"": 21.7118342231451}"
"Dunn2016","ALGC14-1",1.25,"Zn",770,"{""n"": 1}"
"Dunn2016","ALGC14-1",1.75,"Zn",707,"{""n"": 1}"
"Dunn2016","ALGC14-1",2.5,"Zn",603,"{""n"": 1}"
"Dunn2016","ALGC14-1",3.5,"Zn",529,"{""n"": 1}"
"Dunn2016","ALGC14-1",4.5,"Zn",416,"{""stdev"": 219.3, ""n"": 3, ""stderr"": 126.612914033285}"
"Dunn2016","ALGC14-1",5.5,"Zn",184,"{""n"": 1}"
"Dunn2016","ALGC14-1",6.5,"Zn",362.6666667,"{""stdev"": 230.551, ""n"": 3, ""stderr"": 133.108681911937}"
"Dunn2016","ALGC14-1",7.5,"Zn",165,"{""n"": 1}"
"Dunn2016","ALGC14-1",8.5,"Zn",155,"{""n"": 1}"
"Dunn2016","ALGC14-1",9.5,"Zn",191.6666667,"{""stdev"": 29.915, ""n"": 3, ""stderr"": 17.2714333028077}"
"Dunn2016","ALGC14-1",10.5,"Zn",229,"{""n"": 1}"
"Dunn2016","ALGC14-1",11.5,"Zn",198,"{""n"": 1}"
"Dunn2016","ALGC14-1",12.5,"Zn",162,"{""n"": 1}"
"Dunn2016","ALGC14-1",13.5,"Zn",617,"{""stdev"": 310.13, ""n"": 3, ""stderr"": 179.053638983779}"
"Dunn2016","ALGC14-1",14.5,"Zn",284.3333333,"{""stdev"": 111.263, ""n"": 3, ""stderr"": 64.2377230008453}"
"Dunn2016","ALGC14-1",15.5,"Zn",442,"{""n"": 1}"
"Dunn2016","ALGC14-1",16.5,"Zn",109,"{""n"": 1}"
"Dunn2016","ALGC14-1",17.5,"Zn",102,"{""n"": 1}"
"Dunn2016","ALGC14-1",18.5,"Zn",107,"{""n"": 1}"
"Dunn2016","ALGC14-1",19.5,"Zn",104.3333333,"{""stdev"": 16.049, ""n"": 3, ""stderr"": 9.2658944702243}"
"Dunn2016","ALGC14-1",20.5,"Zn",104,"{""n"": 1}"
"Dunn2016","ALGC14-1",21.5,"Zn",89,"{""n"": 1}"
"Dunn2016","ALGC14-1",22.5,"Zn",97,"{""n"": 1}"
"Dunn2016","ALGC14-1",23.5,"Zn",91,"{""n"": 1}"
"Dunn2016","ALGC14-1",24.5,"Zn",92.66666667,"{""stdev"": 8.38, ""n"": 3, ""stderr"": 4.83819525580906}"
"Dunn2016","ALGC14-1",25.5,"Zn",83,"{""n"": 1}"
"Dunn2016","ALGC14-1",26.5,"Zn",180,"{""n"": 1}"
"Dunn2016","ALGC14-1",27.5,"Zn",68,"{""n"": 1}"
"Dunn2016","ALGC14-1",28.5,"Zn",73,"{""n"": 1}"
"Dunn2016","ALGC14-1",29.5,"Zn",77.66666667,"{""stdev"": 12.392, ""n"": 3, ""stderr"": 7.15452453579784}"
"Dunn2016","ALGC14-1",0.25,"Fe.Mn",9.728697954,"{""n"": 1}"
"Dunn2016","ALGC14-1",0.75,"Fe.Mn",24.84206694,"{""stdev"": 5.086, ""n"": 3, ""stderr"": 2.93640346909844}"
"Dunn2016","ALGC14-1",1.25,"Fe.Mn",12.4710303,"{""n"": 1}"
"Dunn2016","ALGC14-1",1.75,"Fe.Mn",13.18568841,"{""n"": 1}"
"Dunn2016","ALGC14-1",2.5,"Fe.Mn",49.57953144,"{""n"": 1}"
"Dunn2016","ALGC14-1",3.5,"Fe.Mn",53.4359385,"{""n"": 1}"
"Dunn2016","ALGC14-1",4.5,"Fe.Mn",46.07325025,"{""stdev"": 12.787, ""n"": 3, ""stderr"": 7.38257789212775}"
"Dunn2016","ALGC14-1",5.5,"Fe.Mn",53.41713127,"{""n"": 1}"
"Dunn2016","ALGC14-1",6.5,"Fe.Mn",57.90274381,"{""stdev"": 1.947, ""n"": 3, ""stderr"": 1.1241009741122}"
"Dunn2016","ALGC14-1",7.5,"Fe.Mn",60.22557726,"{""n"": 1}"
"Dunn2016","ALGC14-1",8.5,"Fe.Mn",57.56346256,"{""n"": 1}"
"Dunn2016","ALGC14-1",9.5,"Fe.Mn",47.14630059,"{""stdev"": 6.777, ""n"": 3, ""stderr"": 3.91270277429809}"
"Dunn2016","ALGC14-1",10.5,"Fe.Mn",57.11453362,"{""n"": 1}"
"Dunn2016","ALGC14-1",11.5,"Fe.Mn",55.86602317,"{""n"": 1}"
"Dunn2016","ALGC14-1",12.5,"Fe.Mn",32.90265487,"{""n"": 1}"
"Dunn2016","ALGC14-1",13.5,"Fe.Mn",60.30339847,"{""stdev"": 4.598, ""n"": 3, ""stderr"": 2.6546565377339}"
"Dunn2016","ALGC14-1",14.5,"Fe.Mn",58.0340174,"{""stdev"": 3.888, ""n"": 3, ""stderr"": 2.24473784660927}"
"Dunn2016","ALGC14-1",15.5,"Fe.Mn",55.22763238,"{""n"": 1}"
"Dunn2016","ALGC14-1",16.5,"Fe.Mn",33.2,"{""n"": 1}"
"Dunn2016","ALGC14-1",17.5,"Fe.Mn",34.01302378,"{""n"": 1}"
"Dunn2016","ALGC14-1",18.5,"Fe.Mn",33.50668896,"{""n"": 1}"
"Dunn2016","ALGC14-1",19.5,"Fe.Mn",35.85854342,"{""stdev"": 3.712, ""n"": 3, ""stderr"": 2.14312419923189}"
"Dunn2016","ALGC14-1",20.5,"Fe.Mn",36.71494709,"{""n"": 1}"
"Dunn2016","ALGC14-1",21.5,"Fe.Mn",31.37408638,"{""n"": 1}"
"Dunn2016","ALGC14-1",22.5,"Fe.Mn",32.42931937,"{""n"": 1}"
"Dunn2016","ALGC14-1",23.5,"Fe.Mn",29.61031332,"{""n"": 1}"
"Dunn2016","ALGC14-1",24.5,"Fe.Mn",30.07811115,"{""stdev"": 0.841, ""n"": 3, ""stderr"": 0.485551576388475}"
"Dunn2016","ALGC14-1",25.5,"Fe.Mn",30.36908728,"{""n"": 1}"
"Dunn2016","ALGC14-1",26.5,"Fe.Mn",29.83169014,"{""n"": 1}"
"Dunn2016","ALGC14-1",27.5,"Fe.Mn",29.9330254,"{""n"": 1}"
"Dunn2016","ALGC14-1",28.5,"Fe.Mn",30.80159305,"{""n"": 1}"
"Dunn2016","ALGC14-1",29.5,"Fe.Mn",28.62461397,"{""stdev"": 1.722, ""n"": 3, ""stderr"": 0.994197163544536}"
"Dunn2016","ALGC14-1",0.25,"Mo",23,"{""n"": 1}"
"Dunn2016","ALGC14-1",0.75,"Mo",23,"{""stdev"": 2.944, ""n"": 3, ""stderr"": 1.69971919249426}"
"Dunn2016","ALGC14-1",1.25,"Mo",35,"{""n"": 1}"
"Dunn2016","ALGC14-1",1.75,"Mo",29,"{""n"": 1}"
"Dunn2016","ALGC14-1",2.5,"Mo",23.4,"{""n"": 1}"
"Dunn2016","ALGC14-1",3.5,"Mo",20,"{""n"": 1}"
"Dunn2016","ALGC14-1",4.5,"Mo",23.4,"{""stdev"": 5.384, ""n"": 3, ""stderr"": 3.10845384931695}"
"Dunn2016","ALGC14-1",5.5,"Mo",19.5,"{""n"": 1}"
"Dunn2016","ALGC14-1",6.5,"Mo",39.667,"{""stdev"": 6.848, ""n"": 3, ""stderr"": 3.95369464341056}"
"Dunn2016","ALGC14-1",7.5,"Mo",36,"{""n"": 1}"
"Dunn2016","ALGC14-1",8.5,"Mo",24.1,"{""n"": 1}"
"Dunn2016","ALGC14-1",9.5,"Mo",31.833,"{""stdev"": 5.778, ""n"": 3, ""stderr"": 3.33592985537766}"
"Dunn2016","ALGC14-1",10.5,"Mo",15.3,"{""n"": 1}"
"Dunn2016","ALGC14-1",11.5,"Mo",36,"{""n"": 1}"
"Dunn2016","ALGC14-1",12.5,"Mo",16,"{""n"": 1}"
"Dunn2016","ALGC14-1",13.5,"Mo",48.667,"{""stdev"": 8.179, ""n"": 3, ""stderr"": 4.72214785170195}"
"Dunn2016","ALGC14-1",14.5,"Mo",28.133,"{""stdev"": 2.451, ""n"": 3, ""stderr"": 1.41508550978377}"
"Dunn2016","ALGC14-1",15.5,"Mo",41,"{""n"": 1}"
"Dunn2016","ALGC14-1",16.5,"Mo",15.2,"{""n"": 1}"
"Dunn2016","ALGC14-1",17.5,"Mo",15.7,"{""n"": 1}"
"Dunn2016","ALGC14-1",18.5,"Mo",14.1,"{""n"": 1}"
"Dunn2016","ALGC14-1",19.5,"Mo",10.833,"{""stdev"": 2.762, ""n"": 3, ""stderr"": 1.59464144350175}"
"Dunn2016","ALGC14-1",20.5,"Mo",15.3,"{""n"": 1}"
"Dunn2016","ALGC14-1",21.5,"Mo",10.2,"{""n"": 1}"
"Dunn2016","ALGC14-1",22.5,"Mo",10.2,"{""n"": 1}"
"Dunn2016","ALGC14-1",23.5,"Mo",10.1,"{""n"": 1}"
"Dunn2016","ALGC14-1",24.5,"Mo",10.233,"{""stdev"": 1.161, ""n"": 3, ""stderr"": 0.670303662529156}"
"Dunn2016","ALGC14-1",25.5,"Mo",13.2,"{""n"": 1}"
"Dunn2016","ALGC14-1",26.5,"Mo",20.6,"{""n"": 1}"
"Dunn2016","ALGC14-1",27.5,"Mo",6.8,"{""n"": 1}"
"Dunn2016","ALGC14-1",28.5,"Mo",8.4,"{""n"": 1}"
"Dunn2016","ALGC14-1",29.5,"Mo",11.533,"{""stdev"": 0.419, ""n"": 3, ""stderr"": 0.241909762790453}"
"Dunn2016","ALGC14-1",0.25,"K",0.4254,"{""n"": 1}"
"Dunn2016","ALGC14-1",0.75,"K",0.436033333,"{""stdev"": 0.01, ""n"": 3, ""stderr"": 0.00577350269189626}"
"Dunn2016","ALGC14-1",1.25,"K",0.5997,"{""n"": 1}"
"Dunn2016","ALGC14-1",1.75,"K",0.629,"{""n"": 1}"
"Dunn2016","ALGC14-1",2.5,"K",0.7365,"{""n"": 1}"
"Dunn2016","ALGC14-1",3.5,"K",0.7406,"{""n"": 1}"
"Dunn2016","ALGC14-1",4.5,"K",0.8431,"{""stdev"": 0.041, ""n"": 3, ""stderr"": 0.0236713610367747}"
"Dunn2016","ALGC14-1",5.5,"K",1.0397,"{""n"": 1}"
"Dunn2016","ALGC14-1",6.5,"K",1.0121,"{""stdev"": 0.094, ""n"": 3, ""stderr"": 0.0542709253038248}"
"Dunn2016","ALGC14-1",7.5,"K",0.7913,"{""n"": 1}"
"Dunn2016","ALGC14-1",8.5,"K",1.032,"{""n"": 1}"
"Dunn2016","ALGC14-1",9.5,"K",1.026733333,"{""stdev"": 0.015, ""n"": 3, ""stderr"": 0.00866025403784439}"
"Dunn2016","ALGC14-1",10.5,"K",0.8196,"{""n"": 1}"
"Dunn2016","ALGC14-1",11.5,"K",0.7511,"{""n"": 1}"
"Dunn2016","ALGC14-1",12.5,"K",0.7212,"{""n"": 1}"
"Dunn2016","ALGC14-1",13.5,"K",0.785933333,"{""stdev"": 0.069, ""n"": 3, ""stderr"": 0.0398371685740842}"
"Dunn2016","ALGC14-1",14.5,"K",1.0482,"{""stdev"": 0.059, ""n"": 3, ""stderr"": 0.0340636658821879}"
"Dunn2016","ALGC14-1",15.5,"K",1.0586,"{""n"": 1}"
"Dunn2016","ALGC14-1",16.5,"K",1.1992,"{""n"": 1}"
"Dunn2016","ALGC14-1",17.5,"K",1.1337,"{""n"": 1}"
"Dunn2016","ALGC14-1",18.5,"K",1.2189,"{""n"": 1}"
"Dunn2016","ALGC14-1",19.5,"K",1.197166667,"{""stdev"": 0.066, ""n"": 3, ""stderr"": 0.0381051177665153}"
"Dunn2016","ALGC14-1",20.5,"K",1.1665,"{""n"": 1}"
"Dunn2016","ALGC14-1",21.5,"K",1.1736,"{""n"": 1}"
"Dunn2016","ALGC14-1",22.5,"K",1.2451,"{""n"": 1}"
"Dunn2016","ALGC14-1",23.5,"K",1.1477,"{""n"": 1}"
"Dunn2016","ALGC14-1",24.5,"K",1.1192,"{""stdev"": 0.037, ""n"": 3, ""stderr"": 0.0213619599600162}"
"Dunn2016","ALGC14-1",25.5,"K",1.1233,"{""n"": 1}"
"Dunn2016","ALGC14-1",26.5,"K",0.9801,"{""n"": 1}"
"Dunn2016","ALGC14-1",27.5,"K",1.1115,"{""n"": 1}"
"Dunn2016","ALGC14-1",28.5,"K",1.1743,"{""n"": 1}"
"Dunn2016","ALGC14-1",29.5,"K",1.1371,"{""stdev"": 0.045, ""n"": 3, ""stderr"": 0.0259807621135332}"
"Dunn2016","ALGC14-1",0.25,"Rb",1,"{""n"": 1}"
"Dunn2016","ALGC14-1",0.75,"Rb",1,"{""n"": 3}"
"Dunn2016","ALGC14-1",1.25,"Rb",10.6,"{""n"": 1}"
"Dunn2016","ALGC14-1",1.75,"Rb",15.5,"{""n"": 1}"
"Dunn2016","ALGC14-1",2.5,"Rb",19.6,"{""n"": 1}"
"Dunn2016","ALGC14-1",3.5,"Rb",15,"{""n"": 1}"
"Dunn2016","ALGC14-1",4.5,"Rb",16.967,"{""stdev"": 0.309, ""n"": 3, ""stderr"": 0.178401233179594}"
"Dunn2016","ALGC14-1",5.5,"Rb",19.5,"{""n"": 1}"
"Dunn2016","ALGC14-1",6.5,"Rb",24.5,"{""stdev"": 1.745, ""n"": 3, ""stderr"": 1.0074762197359}"
"Dunn2016","ALGC14-1",7.5,"Rb",17.5,"{""n"": 1}"
"Dunn2016","ALGC14-1",8.5,"Rb",22,"{""n"": 1}"
"Dunn2016","ALGC14-1",9.5,"Rb",23.6,"{""stdev"": 1.314, ""n"": 3, ""stderr"": 0.758638253715168}"
"Dunn2016","ALGC14-1",10.5,"Rb",16.3,"{""n"": 1}"
"Dunn2016","ALGC14-1",11.5,"Rb",17.5,"{""n"": 1}"
"Dunn2016","ALGC14-1",12.5,"Rb",9,"{""n"": 1}"
"Dunn2016","ALGC14-1",13.5,"Rb",20.367,"{""stdev"": 1.517, ""n"": 3, ""stderr"": 0.875840358360662}"
"Dunn2016","ALGC14-1",14.5,"Rb",20,"{""stdev"": 1.186, ""n"": 3, ""stderr"": 0.684737419258896}"
"Dunn2016","ALGC14-1",15.5,"Rb",22.4,"{""n"": 1}"
"Dunn2016","ALGC14-1",16.5,"Rb",20.2,"{""n"": 1}"
"Dunn2016","ALGC14-1",17.5,"Rb",19.9,"{""n"": 1}"
"Dunn2016","ALGC14-1",18.5,"Rb",21.5,"{""n"": 1}"
"Dunn2016","ALGC14-1",19.5,"Rb",20.767,"{""stdev"": 2.886, ""n"": 3, ""stderr"": 1.66623287688126}"
"Dunn2016","ALGC14-1",20.5,"Rb",21.3,"{""n"": 1}"
"Dunn2016","ALGC14-1",21.5,"Rb",20.4,"{""n"": 1}"
"Dunn2016","ALGC14-1",22.5,"Rb",21.3,"{""n"": 1}"
"Dunn2016","ALGC14-1",23.5,"Rb",20.2,"{""n"": 1}"
"Dunn2016","ALGC14-1",24.5,"Rb",18.633,"{""stdev"": 0.806, ""n"": 3, ""stderr"": 0.465344316966838}"
"Dunn2016","ALGC14-1",25.5,"Rb",17.5,"{""stdev"": 0, ""n"": 1, ""stderr"": 0}"
"Dunn2016","ALGC14-1",26.5,"Rb",18.2,"{""stdev"": 0, ""n"": 1, ""stderr"": 0}"
"Dunn2016","ALGC14-1",27.5,"Rb",17.2,"{""stdev"": 0, ""n"": 1, ""stderr"": 0}"
"Dunn2016","ALGC14-1",28.5,"Rb",19.3,"{""stdev"": 0, ""n"": 1, ""stderr"": 0}"
"Dunn2016","ALGC14-1",29.5,"Rb",17.067,"{""stdev"": 0.91, ""n"": 3, ""stderr"": 0.525388744962559}"
"Dunn2016","ALGC14-1",0.25,"Ti",0.1907,"{""n"": 1}"
"Dunn2016","ALGC14-1",0.75,"Ti",0.1616,"{""stdev"": 0.007, ""n"": 3, ""stderr"": 0.00404145188432738}"
"Dunn2016","ALGC14-1",1.25,"Ti",0.2142,"{""n"": 1}"
"Dunn2016","ALGC14-1",1.75,"Ti",0.2253,"{""n"": 1}"
"Dunn2016","ALGC14-1",2.5,"Ti",0.2428,"{""n"": 1}"
"Dunn2016","ALGC14-1",3.5,"Ti",0.2457,"{""n"": 1}"
"Dunn2016","ALGC14-1",4.5,"Ti",0.283766667,"{""stdev"": 0.013, ""n"": 3, ""stderr"": 0.00750555349946513}"
"Dunn2016","ALGC14-1",5.5,"Ti",0.3202,"{""n"": 1}"
"Dunn2016","ALGC14-1",6.5,"Ti",0.308866667,"{""stdev"": 0.029, ""n"": 3, ""stderr"": 0.0167431578064992}"
"Dunn2016","ALGC14-1",7.5,"Ti",0.2735,"{""n"": 1}"
"Dunn2016","ALGC14-1",8.5,"Ti",0.3204,"{""n"": 1}"
"Dunn2016","ALGC14-1",9.5,"Ti",0.326633333,"{""stdev"": 0.003, ""n"": 3, ""stderr"": 0.00173205080756888}"
"Dunn2016","ALGC14-1",10.5,"Ti",0.2764,"{""n"": 1}"
"Dunn2016","ALGC14-1",11.5,"Ti",0.2827,"{""n"": 1}"
"Dunn2016","ALGC14-1",12.5,"Ti",0.2562,"{""n"": 1}"
"Dunn2016","ALGC14-1",13.5,"Ti",0.266733333,"{""stdev"": 0.021, ""n"": 3, ""stderr"": 0.0121243556529821}"
"Dunn2016","ALGC14-1",14.5,"Ti",0.344466667,"{""stdev"": 0.014, ""n"": 3, ""stderr"": 0.00808290376865476}"
"Dunn2016","ALGC14-1",15.5,"Ti",0.3483,"{""n"": 1}"
"Dunn2016","ALGC14-1",16.5,"Ti",0.3975,"{""n"": 1}"
"Dunn2016","ALGC14-1",17.5,"Ti",0.373,"{""n"": 1}"
"Dunn2016","ALGC14-1",18.5,"Ti",0.3802,"{""n"": 1}"
"Dunn2016","ALGC14-1",19.5,"Ti",0.3836,"{""stdev"": 0.012, ""n"": 3, ""stderr"": 0.00692820323027551}"
"Dunn2016","ALGC14-1",20.5,"Ti",0.3813,"{""n"": 1}"
"Dunn2016","ALGC14-1",21.5,"Ti",0.3848,"{""n"": 1}"
"Dunn2016","ALGC14-1",22.5,"Ti",0.4005,"{""n"": 1}"
"Dunn2016","ALGC14-1",23.5,"Ti",0.3992,"{""n"": 1}"
"Dunn2016","ALGC14-1",24.5,"Ti",0.3854,"{""stdev"": 0.015, ""n"": 3, ""stderr"": 0.00866025403784439}"
"Dunn2016","ALGC14-1",25.5,"Ti",0.3831,"{""n"": 1}"
"Dunn2016","ALGC14-1",26.5,"Ti",0.3364,"{""n"": 1}"
"Dunn2016","ALGC14-1",27.5,"Ti",0.3675,"{""n"": 1}"
"Dunn2016","ALGC14-1",28.5,"Ti",0.4124,"{""n"": 1}"
"Dunn2016","ALGC14-1",29.5,"Ti",0.3761,"{""stdev"": 0.009, ""n"": 3, ""stderr"": 0.00519615242270663}"
"Dunn2016","ALGC14-1",0.25,"C",7.843333333,"{""stdev"": 0.186, ""n"": 3, ""stderr"": 0.10738715006927}"
"Dunn2016","ALGC14-1",0.75,"C",8.54,"{""stdev"": 0.08, ""n"": 2, ""stderr"": 0.0565685424949238}"
"Dunn2016","ALGC14-1",1.25,"C",8.84,"{""n"": 1}"
"Dunn2016","ALGC14-1",1.75,"C",8.94,"{""n"": 1}"
"Dunn2016","ALGC14-1",2.5,"C",9.03,"{""n"": 1}"
"Dunn2016","ALGC14-1",3.5,"C",8.63,"{""n"": 1}"
"Dunn2016","ALGC14-1",4.5,"C",7.785,"{""stdev"": 0.015, ""n"": 2, ""stderr"": 0.0106066017177982}"
"Dunn2016","ALGC14-1",5.5,"C",6.31,"{""n"": 1}"
"Dunn2016","ALGC14-1",6.5,"C",5.84,"{""n"": 1}"
"Dunn2016","ALGC14-1",7.5,"C",6.73,"{""n"": 1}"
"Dunn2016","ALGC14-1",8.5,"C",5.58,"{""n"": 1}"
"Dunn2016","ALGC14-1",9.5,"C",6.155,"{""stdev"": 0.105, ""n"": 2, ""stderr"": 0.0742462120245875}"
"Dunn2016","ALGC14-1",10.5,"C",7.34,"{""stdev"": 0.01, ""n"": 2, ""stderr"": 0.00707106781186547}"
"Dunn2016","ALGC14-1",11.5,"C",8.37,"{""n"": 1}"
"Dunn2016","ALGC14-1",12.5,"C",7.96,"{""n"": 1}"
"Dunn2016","ALGC14-1",13.5,"C",6.89,"{""n"": 1}"
"Dunn2016","ALGC14-1",14.5,"C",5.605,"{""stdev"": 0.065, ""n"": 2, ""stderr"": 0.0459619407771256}"
"Dunn2016","ALGC14-1",15.5,"C",4.85,"{""n"": 1}"
"Dunn2016","ALGC14-1",16.5,"C",4.4,"{""n"": 1}"
"Dunn2016","ALGC14-1",17.5,"C",5.28,"{""n"": 1}"
"Dunn2016","ALGC14-1",18.5,"C",5.41,"{""n"": 1}"
"Dunn2016","ALGC14-1",19.5,"C",4.72,"{""stdev"": 0.11, ""n"": 2, ""stderr"": 0.0777817459305202}"
"Dunn2016","ALGC14-1",20.5,"C",5.17,"{""n"": 1}"
"Dunn2016","ALGC14-1",21.5,"C",5.01,"{""n"": 1}"
"Dunn2016","ALGC14-1",22.5,"C",4.41,"{""n"": 1}"
"Dunn2016","ALGC14-1",23.5,"C",5.15,"{""n"": 1}"
"Dunn2016","ALGC14-1",24.5,"C",5.995,"{""stdev"": 0.285, ""n"": 2, ""stderr"": 0.201525432638166}"
"Dunn2016","ALGC14-1",25.5,"C",8,"{""stdev"": 0.51, ""n"": 2, ""stderr"": 0.360624458405139}"
"Dunn2016","ALGC14-1",26.5,"C",5.94,"{""n"": 1}"
"Dunn2016","ALGC14-1",27.5,"C",2.81,"{""n"": 1}"
"Dunn2016","ALGC14-1",28.5,"C",3.49,"{""n"": 1}"
"Dunn2016","ALGC14-1",29.5,"C",3.59,"{""stdev"": 0.02, ""n"": 2, ""stderr"": 0.0141421356237309}"
"Dunn2016","ALGC14-1",0.25,"C.N",11.13666667,"{""stdev"": 0.165, ""n"": 3, ""stderr"": 0.0952627944162883}"
"Dunn2016","ALGC14-1",0.75,"C.N",11.975,"{""stdev"": 0.095, ""n"": 2, ""stderr"": 0.067175144212722}"
"Dunn2016","ALGC14-1",1.25,"C.N",11.58,"{""n"": 1}"
"Dunn2016","ALGC14-1",1.75,"C.N",11.56,"{""n"": 1}"
"Dunn2016","ALGC14-1",2.5,"C.N",12.21,"{""n"": 1}"
"Dunn2016","ALGC14-1",3.5,"C.N",12.36,"{""n"": 1}"
"Dunn2016","ALGC14-1",4.5,"C.N",13.2,"{""stdev"": 0.05, ""n"": 2, ""stderr"": 0.0353553390593274}"
"Dunn2016","ALGC14-1",5.5,"C.N",13.17,"{""n"": 1}"
"Dunn2016","ALGC14-1",6.5,"C.N",12.56,"{""n"": 1}"
"Dunn2016","ALGC14-1",7.5,"C.N",12.13,"{""n"": 1}"
"Dunn2016","ALGC14-1",8.5,"C.N",13.18,"{""n"": 1}"
"Dunn2016","ALGC14-1",9.5,"C.N",13.61,"{""stdev"": 0.14, ""n"": 2, ""stderr"": 0.0989949493661166}"
"Dunn2016","ALGC14-1",10.5,"C.N",12.975,"{""stdev"": 0.065, ""n"": 2, ""stderr"": 0.0459619407771256}"
"Dunn2016","ALGC14-1",11.5,"C.N",12.46,"{""n"": 1}"
"Dunn2016","ALGC14-1",12.5,"C.N",12.02,"{""n"": 1}"
"Dunn2016","ALGC14-1",13.5,"C.N",12.36,"{""n"": 1}"
"Dunn2016","ALGC14-1",14.5,"C.N",13.06,"{""stdev"": 0.06, ""n"": 2, ""stderr"": 0.0424264068711928}"
"Dunn2016","ALGC14-1",15.5,"C.N",15,"{""n"": 1}"
"Dunn2016","ALGC14-1",16.5,"C.N",18.08,"{""n"": 1}"
"Dunn2016","ALGC14-1",17.5,"C.N",17.84,"{""n"": 1}"
"Dunn2016","ALGC14-1",18.5,"C.N",18.71,"{""n"": 1}"
"Dunn2016","ALGC14-1",19.5,"C.N",18.26,"{""stdev"": 0.02, ""n"": 2, ""stderr"": 0.0141421356237309}"
"Dunn2016","ALGC14-1",20.5,"C.N",18.39,"{""n"": 1}"
"Dunn2016","ALGC14-1",21.5,"C.N",20.47,"{""n"": 1}"
"Dunn2016","ALGC14-1",22.5,"C.N",21.7,"{""n"": 1}"
"Dunn2016","ALGC14-1",23.5,"C.N",24.06,"{""n"": 1}"
"Dunn2016","ALGC14-1",24.5,"C.N",26.21,"{""stdev"": 0.24, ""n"": 2, ""stderr"": 0.169705627484771}"
"Dunn2016","ALGC14-1",25.5,"C.N",30.095,"{""stdev"": 1.015, ""n"": 2, ""stderr"": 0.717713382904346}"
"Dunn2016","ALGC14-1",26.5,"C.N",25.39,"{""n"": 1}"
"Dunn2016","ALGC14-1",27.5,"C.N",21.89,"{""n"": 1}"
"Dunn2016","ALGC14-1",28.5,"C.N",24.07,"{""n"": 1}"
"Dunn2016","ALGC14-1",29.5,"C.N",23.525,"{""stdev"": 0.045, ""n"": 2, ""stderr"": 0.0318198051533946}"
"Dunn2016","ALGC14-1",0.25,"d13C",-29.80333333,"{""stdev"": 0.103, ""n"": 3, ""stderr"": 0.0594670777265315}"
"Dunn2016","ALGC14-1",0.75,"d13C",-29.735,"{""stdev"": 0.125, ""n"": 2, ""stderr"": 0.0883883476483184}"
"Dunn2016","ALGC14-1",1.25,"d13C",-29.89,"{""n"": 1}"
"Dunn2016","ALGC14-1",1.75,"d13C",-29.8,"{""n"": 1}"
"Dunn2016","ALGC14-1",2.5,"d13C",-29.7,"{""n"": 1}"
"Dunn2016","ALGC14-1",3.5,"d13C",-29.49,"{""n"": 1}"
"Dunn2016","ALGC14-1",4.5,"d13C",-28.395,"{""stdev"": 0.035, ""n"": 2, ""stderr"": 0.0247487373415292}"
"Dunn2016","ALGC14-1",5.5,"d13C",-27.77,"{""n"": 1}"
"Dunn2016","ALGC14-1",6.5,"d13C",-27.64,"{""n"": 1}"
"Dunn2016","ALGC14-1",7.5,"d13C",-27.48,"{""n"": 1}"
"Dunn2016","ALGC14-1",8.5,"d13C",-27.51,"{""n"": 1}"
"Dunn2016","ALGC14-1",9.5,"d13C",-27.265,"{""stdev"": 0.005, ""n"": 2, ""stderr"": 0.00353553390593274}"
"Dunn2016","ALGC14-1",10.5,"d13C",-27.46,"{""stdev"": 0.07, ""n"": 2, ""stderr"": 0.0494974746830583}"
"Dunn2016","ALGC14-1",11.5,"d13C",-27.66,"{""n"": 1}"
"Dunn2016","ALGC14-1",12.5,"d13C",-27.71,"{""n"": 1}"
"Dunn2016","ALGC14-1",13.5,"d13C",-27.83,"{""n"": 1}"
"Dunn2016","ALGC14-1",14.5,"d13C",-27.615,"{""stdev"": 0.005, ""n"": 2, ""stderr"": 0.00353553390593274}"
"Dunn2016","ALGC14-1",15.5,"d13C",-27.2,"{""n"": 1}"
"Dunn2016","ALGC14-1",16.5,"d13C",-26.58,"{""n"": 1}"
"Dunn2016","ALGC14-1",17.5,"d13C",-26.64,"{""n"": 1}"
"Dunn2016","ALGC14-1",18.5,"d13C",-26.72,"{""n"": 1}"
"Dunn2016","ALGC14-1",19.5,"d13C",-26.745,"{""stdev"": 0.215, ""n"": 2, ""stderr"": 0.152027957955108}"
"Dunn2016","ALGC14-1",20.5,"d13C",-26.97,"{""n"": 1}"
"Dunn2016","ALGC14-1",21.5,"d13C",-26.52,"{""n"": 1}"
"Dunn2016","ALGC14-1",22.5,"d13C",-26.45,"{""n"": 1}"
"Dunn2016","ALGC14-1",23.5,"d13C",-26.13,"{""n"": 1}"
"Dunn2016","ALGC14-1",24.5,"d13C",-26.01,"{""stdev"": 0.03, ""n"": 2, ""stderr"": 0.0212132034355964}"
"Dunn2016","ALGC14-1",25.5,"d13C",-26.15,"{""stdev"": 0.13, ""n"": 2, ""stderr"": 0.0919238815542512}"
"Dunn2016","ALGC14-1",26.5,"d13C",-26.43,"{""n"": 1}"
"Dunn2016","ALGC14-1",27.5,"d13C",-26.1,"{""n"": 1}"
"Dunn2016","ALGC14-1",28.5,"d13C",-25.98,"{""n"": 1}"
"Dunn2016","ALGC14-1",29.5,"d13C",-26.185,"{""stdev"": 0.125, ""n"": 2, ""stderr"": 0.0883883476483184}"
"Dunn2016","ALGC14-1",0.25,"d15N",3.61,"{""stdev"": 0.045, ""n"": 3, ""stderr"": 0.0259807621135332}"
"Dunn2016","ALGC14-1",0.75,"d15N",3.1,"{""stdev"": 0.05, ""n"": 2, ""stderr"": 0.0353553390593274}"
"Dunn2016","ALGC14-1",1.25,"d15N",2.53,"{""n"": 1}"
"Dunn2016","ALGC14-1",1.75,"d15N",2.72,"{""n"": 1}"
"Dunn2016","ALGC14-1",2.5,"d15N",2.4,"{""n"": 1}"
"Dunn2016","ALGC14-1",3.5,"d15N",2.32,"{""n"": 1}"
"Dunn2016","ALGC14-1",4.5,"d15N",2.16,"{""stdev"": 0.03, ""n"": 2, ""stderr"": 0.0212132034355964}"
"Dunn2016","ALGC14-1",5.5,"d15N",1.72,"{""n"": 1}"
"Dunn2016","ALGC14-1",6.5,"d15N",2.03,"{""n"": 1}"
"Dunn2016","ALGC14-1",7.5,"d15N",2.15,"{""n"": 1}"
"Dunn2016","ALGC14-1",8.5,"d15N",2.21,"{""n"": 1}"
"Dunn2016","ALGC14-1",9.5,"d15N",2.105,"{""stdev"": 0.095, ""n"": 2, ""stderr"": 0.067175144212722}"
"Dunn2016","ALGC14-1",10.5,"d15N",2.17,"{""stdev"": 0.02, ""n"": 2, ""stderr"": 0.0141421356237309}"
"Dunn2016","ALGC14-1",11.5,"d15N",2.06,"{""n"": 1}"
"Dunn2016","ALGC14-1",12.5,"d15N",2.41,"{""n"": 1}"
"Dunn2016","ALGC14-1",13.5,"d15N",2.37,"{""n"": 1}"
"Dunn2016","ALGC14-1",14.5,"d15N",2.295,"{""stdev"": 0.095, ""n"": 2, ""stderr"": 0.067175144212722}"
"Dunn2016","ALGC14-1",15.5,"d15N",2.24,"{""n"": 1}"
"Dunn2016","ALGC14-1",16.5,"d15N",1.97,"{""n"": 1}"
"Dunn2016","ALGC14-1",17.5,"d15N",2.09,"{""n"": 1}"
"Dunn2016","ALGC14-1",18.5,"d15N",1.85,"{""n"": 1}"
"Dunn2016","ALGC14-1",19.5,"d15N",1.795,"{""stdev"": 0.095, ""n"": 2, ""stderr"": 0.067175144212722}"
"Dunn2016","ALGC14-1",20.5,"d15N",1.84,"{""n"": 1}"
"Dunn2016","ALGC14-1",21.5,"d15N",1.31,"{""n"": 1}"
"Dunn2016","ALGC14-1",22.5,"d15N",1.65,"{""n"": 1}"
"Dunn2016","ALGC14-1",23.5,"d15N",0.99,"{""n"": 1}"
"Dunn2016","ALGC14-1",24.5,"d15N",0.9,"{""stdev"": 0.11, ""n"": 2, ""stderr"": 0.0777817459305202}"
"Dunn2016","ALGC14-1",25.5,"d15N",0.185,"{""stdev"": 0.035, ""n"": 2, ""stderr"": 0.0247487373415292}"
"Dunn2016","ALGC14-1",26.5,"d15N",0.31,"{""n"": 1}"
"Dunn2016","ALGC14-1",27.5,"d15N",1.6,"{""n"": 1}"
"Dunn2016","ALGC14-1",28.5,"d15N",1.99,"{""n"": 1}"
"Dunn2016","ALGC14-1",29.5,"d15N",1.49,"{""stdev"": 0.1, ""n"": 2, ""stderr"": 0.0707106781186548}"
"Dunn2016","ALGC14-1",0.25,"SAR",270.0771214,"{""stdev"": 13.85773586, ""n"": 3, ""stderr"": 8.00076752912973}"
"Dunn2016","ALGC14-1",0.75,"SAR",216.605856,"{""n"": 1}"
"Dunn2016","ALGC14-1",1.25,"SAR",175.9212556,"{""stdev"": 9.170428104, ""n"": 3, ""stderr"": 5.29454913442851}"
"Dunn2016","ALGC14-1",1.75,"SAR",153.6845085,"{""stdev"": 7.673306931, ""n"": 3, ""stderr"": 4.43018582218747}"
"Dunn2016","ALGC14-1",2.5,"SAR",142.9984651,"{""stdev"": 7.481556898, ""n"": 3, ""stderr"": 4.3194788890178}"
"Dunn2016","ALGC14-1",3.5,"SAR",147.0773053,"{""stdev"": 10.10049088, ""n"": 3, ""stderr"": 5.83152112851536}"
"Dunn2016","ALGC14-1",4.5,"SAR",162.6782011,"{""stdev"": 15.70323805, ""n"": 3, ""stderr"": 9.06626871531627}"
"Dunn2016","ALGC14-1",5.5,"SAR",124.1492893,"{""stdev"": 15.11163606, ""n"": 3, ""stderr"": 8.72470714713666}"
"Dunn2016","ALGC14-1",6.5,"SAR",149.5762164,"{""stdev"": 43.7685674, ""n"": 3, ""stderr"": 25.2697941704343}"
"Dunn2016","ALGC14-1",7.5,"SAR",113.4786337,"{""stdev"": 54.72464654, ""n"": 3, ""stderr"": 31.5952894111761}"
